Visit_Date,Guest_Name,Guest_Address,Member_Name
2018-09-18,Aa Bb,1 cc,Dd Ee
2018-09-18,Ff Gg,2hh,Ii Jj
2018-09-18,Kk Ll,3 mm,Nn Oo
2018-09-18,Pp Qq,4rr,Ss Tt
2018-09-18,Uu Vv,4ww,Xx Yy
Visit_Date,Guest_Name,Guest_Address,Member_Name
2018-09-18,Alma Anderson,244 anaconda st,Amy Alanason
2018-09-18,Betty Boopstein,4545 beary blvd,Bacon Beserker
2018-09-18,Charles Chimi,59888 cheshire way,Candice Cotton
2018-09-18,Derek Dorough,588 dunkin,Denise Dickinson
2018-09-18,Erroll Egress,3560 eastwick,Earl Easley
Visit_Date,Guest_Name,Guest_Address,Member_Name
2019-07-28,Zippy Zoolander,9989 ziggy,Yello Yowa
